-- phpMyAdmin SQL Dump
-- version 4.8.3
-- https://www.phpmyadmin.net/
--
-- Host: 127.0.0.1
-- Generation Time: Feb 06, 2019 at 11:38 PM
-- Server version: 10.1.36-MariaDB
-- PHP Version: 5.6.38

SET SQL_MODE = "NO_AUTO_VALUE_ON_ZERO";
SET AUTOCOMMIT = 0;
START TRANSACTION;
SET time_zone = "+00:00";


/*!40101 SET @OLD_CHARACTER_SET_CLIENT=@@CHARACTER_SET_CLIENT */;
/*!40101 SET @OLD_CHARACTER_SET_RESULTS=@@CHARACTER_SET_RESULTS */;
/*!40101 SET @OLD_COLLATION_CONNECTION=@@COLLATION_CONNECTION */;
/*!40101 SET NAMES utf8mb4 */;

--
-- Database: `trans`
--

-- --------------------------------------------------------

--
-- Table structure for table `admin`
--

CREATE TABLE `admin` (
  `ID_admin` int(10) NOT NULL,
  `username` varchar(10) NOT NULL,
  `password` varchar(255) NOT NULL
) ENGINE=InnoDB DEFAULT CHARSET=utf8;

--
-- Dumping data for table `admin`
--

INSERT INTO `admin` (`ID_admin`, `username`, `password`) VALUES
(1, 'admin', '$2y$10$vxJuIaAMpr8nq7EMuvTQjeIIxKMsuc5dh6axafXPYccKv7ocFbTgm');

-- --------------------------------------------------------

--
-- Table structure for table `avtobus`
--

CREATE TABLE `avtobus` (
  `ID_avtobus` int(10) NOT NULL,
  `pocetna` varchar(10) NOT NULL,
  `krajna` varchar(10) NOT NULL,
  `ID_kompanija` int(10) NOT NULL
) ENGINE=InnoDB DEFAULT CHARSET=utf8;

--
-- Dumping data for table `avtobus`
--

INSERT INTO `avtobus` (`ID_avtobus`, `pocetna`, `krajna`, `ID_kompanija`) VALUES
(1, 'Охрид', 'Кочани', 1),
(2, 'Охрид', 'Скопје', 1),
(3, 'Кочани', 'Охрид', 4),
(4, 'Кочани', 'Скопје', 4),
(5, 'Кочани', 'Виница', 4),
(6, 'Штип', 'Свети Нико', 6),
(7, 'Берово', 'Скопје', 7),
(9, 'Скопје', 'Пробиштип', 8),
(10, 'Штип', 'Кратово', 8),
(11, 'Струмица', 'Скопје', 9),
(12, 'Струмица', 'Скопје', 9),
(13, 'Велес', 'Неготино', 10),
(14, 'Скопје', 'Дојран', 10),
(15, 'Прилеп', 'Скопје', 12),
(16, 'Крива Пала', 'Скопје', 13),
(17, 'Кавадарци', 'Скопје', 14),
(18, 'Прилеп', 'Битола', 15),
(19, 'Прилеп', 'Кичево', 16),
(20, 'Охрид', 'Скопје', 17),
(21, 'Битола', 'Скопје', 18);

-- --------------------------------------------------------

--
-- Table structure for table `kompanija`
--

CREATE TABLE `kompanija` (
  `ID_kompanija` int(10) NOT NULL,
  `ime` varchar(40) NOT NULL
) ENGINE=InnoDB DEFAULT CHARSET=utf8;

--
-- Dumping data for table `kompanija`
--

INSERT INTO `kompanija` (`ID_kompanija`, `ime`) VALUES
(1, 'Галеб'),
(4, 'Авто Атом'),
(6, 'Реис К'),
(7, 'Берово Транс'),
(8, 'Југ Турист'),
(9, 'Струмица Експрес'),
(10, 'Руле Турс'),
(12, 'Пелагонија Транс'),
(13, 'АТП Пролетер'),
(14, 'Сам Вел Компани'),
(15, 'Џоко Транс'),
(16, 'Пелагонија Транс'),
(17, 'Хисари ДБ'),
(18, 'Транскоп');

-- --------------------------------------------------------

--
-- Stand-in structure for view `korisnik_rez`
-- (See below for the actual view)
--
CREATE TABLE `korisnik_rez` (
`Корисник` varchar(20)
,`Име` varchar(15)
,`Презиме` varchar(15)
,`Поаѓање` varchar(20)
,`Дестинација` varchar(20)
,`Тргнува` varchar(10)
,`Датум` date
,`Цена` int(10)
,`Компанија` varchar(40)
);

-- --------------------------------------------------------

--
-- Table structure for table `patnik`
--

CREATE TABLE `patnik` (
  `ID_patnik` int(10) NOT NULL,
  `ime` varchar(15) NOT NULL,
  `prezime` varchar(15) NOT NULL,
  `email` varchar(40) NOT NULL,
  `username` varchar(20) NOT NULL,
  `password` varchar(255) NOT NULL
) ENGINE=InnoDB DEFAULT CHARSET=utf8;

--
-- Dumping data for table `patnik`
--

INSERT INTO `patnik` (`ID_patnik`, `ime`, `prezime`, `email`, `username`, `password`) VALUES
(1, 'Ана', 'Јованова', 'ana@hotmail.com', 'ana', '$2y$10$9HijTKOKgZfPqufsivlMLekORmDC8gpDJ3m3Js1CBeA84XZPYf7SC'),
(2, 'Ана', 'Иванова', 'ivanova@hotmail.com', 'ana1', '$2y$10$tz2bFsfzGeDLsgFeykNS0eGvhW7T/hYZjgdUrTRn6gB5dP8iJkRku'),
(3, 'Ивана', 'Велкова', 'ivana@hotmail.com', 'ivana', '$2y$10$BvsdW8zQiBNSex6UdsKH8.CyUxH6IGNhZUXrXMWO2J09HcjGkt7FO'),
(4, 'Јована', 'Ракетиќ', 'jovana@hotmail.com', 'jovana', '$2y$10$12cOPhozvDrINXsPUU7aBuD42CqgOq3TvF9AqAODXj8UyJK/ib14u'),
(5, 'Јована', 'Јованова', 'jovanova@hotmail.com', 'jovanova', '$2y$10$JLdOHCYQRWZH7OE1I3TkDuKkiAnP52I4H3h3bKufoP.txepCSE7cq'),
(6, 'Лилјана', 'Иванова', 'lile@hotmail.com', 'lile', '$2y$10$6hmlbtUNsqhBiJXHp2FIW.bVfuEEeq2kRQm00GNnyDQcOkxWgBw3C'),
(7, 'Теа', 'Тодороска', 'tea@hotmail.com', 'tea', '$2y$10$v0YbHmfJhPlJYj0C.Ff5ue39sfpXQPp6iuu58lx/ZTxiKrkHi1FrC'),
(8, 'Иво', 'Јанков', 'ivo@hotmail.com', 'ivo', '$2y$10$uJSWR03/biI5hSp6sNKliOSN8pkrHrPG3KhOsidOfDXKPXLM4jZk.'),
(9, 'Мартин', 'Величковски', 'martin@hotmail.com', 'martin', '$2y$10$Q84uWa1fkVnh6fQodXF7AOHIWMWgoUiw1WGFXYswSefDFwBrAzeZi'),
(10, 'Стефан', 'Стефанов', 'stefan@hotmail.com', 'stefan', '$2y$10$7ch9Rgoq.H/sfx9N5v76UulMVSjzcm1lVxFsAl26OU.QlFfq16hQO'),
(11, 'Стефан', 'Стојанов', 'stojanov@hotmail.com', 'Stefan1', '$2y$10$f6.4D72y2bVZ8nlQ3xEYWu/6t87xhsq3FhL0fW0zA446BLEDaEZRe'),
(12, 'Киро', 'Киров', 'kiro@hotmail.com', 'kiro', '$2y$10$Mm7mrD8zBgTajKHFO2nkHOVIifAxe3hDatDBcnGNwZYtF/mryB5aq'),
(13, 'Моника', 'Милева', 'monika@hotmail.com', 'monika', '$2y$10$3S8iUygWP.HklNCH8PMjNuAoTLSAQNY3vzWozKR4aldKlekkEfTUy'),
(14, 'Вики', 'Ангелова', 'viki@hotmail.com', 'viki', '$2y$10$XoKs8UlNSsYsT1bimzkv1uZgKZMFzNAcASBB8YXN2edLdedCUtESq'),
(15, 'Марио', 'Мариов', 'mario@hotmail.com', 'mario', '$2y$10$VnW39F5O6ltSDrGRwb2Cx.K2mo7Kxwu.FVmdFItoLnN5NbS9g6t2a'),
(16, 'Никола', 'Николов', 'nikola@hotmail.com', 'nikola', '$2y$10$Y2spVw0CH.WGxN7/sqlVB.skPfJhq1NwwYYO7j0gaNNgiYkKtL/fK'),
(17, 'Марија', 'Трајкова', 'marija@hotmail.com', 'marija', '$2y$10$wP6xx1Cng7iSSE/zj7hE3uhzoRmw0iaUJfZmwGf7DjFsxVRP0j6vm'),
(18, 'Лука', 'Иванов', 'luka@hotmail.com', 'luka', '$2y$10$8a41sKDCrsegs7ZV1SqSx.slFqMmCwiaOeUQ1EcYeWjQ8tXD5VP06'),
(19, 'Влатко', 'Лозаноски', 'lozano@hotmail.com', 'vlatce', '$2y$10$iVg8V9ylIrt8s/8jkACojOBV8kFqt7r.FzWKHxubUL28dd.SMajjG'),
(20, 'Кире', 'Лазаров', 'kire@hotmail.com', 'kire', '$2y$10$3Fo4t1bKDrPeM7c3pORqo.X/Dqq4omuReFxj8mPY03B5V3a5ar7sO'),
(21, 'Благој', 'Богоев', 'blagoj@hotmail.com', 'blagoj', '$2y$10$kqEbv/tLdsNrT/aNjmGX.u7Xu5dhjKbUut6ySW/QcBUTrC0X.hOpq'),
(22, 'Тамара', 'Тодеска', 'taci@hotmail.com', 'tamara', '$2y$10$kRJ3Xxt45SAfZGoz.rxOFepKgLOsrchOQa2ib4tGdIXJsmGrmI0Um'),
(23, 'Сергеј', 'Сергеович', 'sergej@hotmail.com', 'sergej', '$2y$10$YcpVlNUiwbMO6VBEC3eryub.H0MNs23iauz6HU6BRegut91K1cbfe'),
(24, 'Виктор', 'Совкоски', 'viksa@hotmail.com', 'viksa', '$2y$10$RPw6j8F39XO25MW1IxH5O.ieIkQH1EKF8LW.tgngJYUpgopz1QLVm'),
(25, 'Марко', 'Марков', 'marko@hotmail.com', 'marko', '$2y$10$.xQJgNnXNtNf8.Bkq23geeqfdBEF9HNxTsk3dmML3kcAoMEBVDFXG'),
(26, 'Нина', 'Николова', 'nina@hotmail.com', 'nina', '$2y$10$w3J2r75Z7VJrz2PC0AgyOO.nO0Vvx/7WTz0wDslLoVzw9Fq4xzcRq'),
(27, 'Тања', 'Танова', 'tanja@hotmail.com', 'tanja', '$2y$10$iQ99RhDyLoTpdZO4GpQNX.S.hbcx1bM33lifirB6upltNaIoUrVAG'),
(28, 'Трајче', 'Тодоров', 'trajce@hotmail.com', 'trajce', '$2y$10$cjZvYj5SdXDeFzeQVt5Ffey8orVym8bYDhIj/0Acgk4Zn2.lo3N9i'),
(29, 'Ангела', 'Ангеловска', 'angela@hotmail.com', 'angela', '$2y$10$XGXOvqVuVlxS.iP1785XQ.WwLWxiDXYOkpfpgZlCeZYyh0r4/trwC'),
(30, 'Јован', 'Јованов', 'jovan@hotmail.com', 'jovan', '$2y$10$KwkHjcDHiPrvP4XEfhB3MuBRWHoQYt5IcAKfnH7jqsheDY/v91GlW'),
(31, 'Давид', 'Темелков', 'david@hotmail.com', 'david', '$2y$10$Lf9V0peHGKCggdnoeO9Q8OBJ7/7VNk.f004Qv/b3mNaZ4Q/w3GI9y'),
(32, 'Филип', 'Филипов', 'filip@hotmail.com', 'filip', '$2y$10$MsIVi5HxML5bPpRidHAhMek7VHmrRxA.Pgx4JloqTwP2eAFMI1FEO'),
(33, 'Александра', 'Јанева', 'sani@hotmail.com', 'sani', '$2y$10$YT0Ik73dGc0KXkCCnZv63OX1JCh.MKGqzacyLwA13mi3Gnb79Ze9K'),
(34, 'Сандра', 'Илова', 'sandra@hotmail.com', 'sandra', '$2y$10$QUWRgTMdQj245vNh2bzPEuTFbIu/OUF5AHvh4LsazU7gohif.Htrm'),
(35, 'Матеј', 'Ангелов', 'matej@hotmail.com', 'matej', '$2y$10$rrgrtT1GPIfiJa.OZ3E65e7WgFZ1ssMvH5FsJ08pDeAmwHWdIsn3i');

-- --------------------------------------------------------

--
-- Stand-in structure for view `patnik_rez`
-- (See below for the actual view)
--
CREATE TABLE `patnik_rez` (
`Рута` int(10)
,`Име` varchar(15)
,`Презиме` varchar(15)
,`Поаѓање` varchar(20)
,`Дестинација` varchar(20)
,`Тргнува` varchar(10)
,`Датум` date
,`Цена` int(10)
,`Компанија` varchar(40)
);

-- --------------------------------------------------------

--
-- Table structure for table `patnik_ruta`
--

CREATE TABLE `patnik_ruta` (
  `ID_patnik_ruta` int(10) NOT NULL,
  `ID_ruta` int(10) NOT NULL,
  `ID_patnik` int(10) NOT NULL,
  `ID_rezervacija` int(10) NOT NULL
) ENGINE=InnoDB DEFAULT CHARSET=utf8;

--
-- Dumping data for table `patnik_ruta`
--

INSERT INTO `patnik_ruta` (`ID_patnik_ruta`, `ID_ruta`, `ID_patnik`, `ID_rezervacija`) VALUES
(1, 233, 1, 1),
(2, 25, 1, 2),
(3, 187, 4, 3),
(4, 301, 8, 4),
(5, 293, 12, 5),
(6, 249, 10, 6),
(7, 332, 11, 7),
(8, 137, 15, 8),
(9, 286, 16, 9),
(10, 120, 18, 10),
(11, 259, 19, 11),
(12, 198, 23, 12),
(13, 308, 25, 13),
(14, 319, 25, 14),
(15, 235, 25, 15),
(16, 242, 25, 16),
(17, 74, 21, 17),
(18, 296, 21, 18),
(19, 270, 17, 19),
(20, 243, 17, 20),
(21, 233, 14, 21);

-- --------------------------------------------------------

--
-- Table structure for table `plakjanje`
--

CREATE TABLE `plakjanje` (
  `ID_plakjanje` int(10) NOT NULL,
  `name` varchar(30) NOT NULL,
  `cardNumber` varchar(16) NOT NULL,
  `cardExpiry` varchar(5) NOT NULL,
  `cardCVC` int(10) NOT NULL
) ENGINE=InnoDB DEFAULT CHARSET=utf8;

--
-- Dumping data for table `plakjanje`
--

INSERT INTO `plakjanje` (`ID_plakjanje`, `name`, `cardNumber`, `cardExpiry`, `cardCVC`) VALUES
(1, 'Ana Jovanova', '1234123412341234', '02/20', 202),
(2, 'Ana Jovanova', '1234123412341234', '02/20', 202),
(3, 'Jovana Raketik', '1478147814781478', '06/21', 0),
(4, 'Ivo Jankov', '1596159615961596', '04/21', 15),
(5, 'Kiro Kirov', '6987698769876987', '10/21', 0),
(6, 'Stefan Stefanov', '3214321432143214', '05/21', 0),
(7, 'Stefan Stojanov', '9632963296329632', '05/23', 0),
(8, 'Mario Mariov', '5858585858585858', '06/21', 0),
(9, 'Nikola Nikolov', '2582582582582586', '06/22', 310),
(10, 'Luka Ivanov', '1596159615961596', '11/21', 0),
(11, 'Vlatko Lozanoski', '3698369836983698', '05/22', 0),
(12, 'Sergej Sergeovic', '2587258725872587', '06/22', 0),
(13, 'Marko Markov', '3698369836983698', '12/19', 0),
(14, 'Marko Markov', '3698369369836988', '12/19', 15),
(15, 'Marko Markov', '2587258725872587', '12/19', 0),
(16, 'Marko Markov', '1478147814781478', '12/19', 0),
(17, 'Blagoj Bogoev', '1596159615961596', '06/22', 310),
(18, 'Blagoj Bogoev', '1596159615961596', '08/22', 0),
(19, 'Marija Trajkova', '3695369536953695', '06/21', 698),
(20, 'Marija Trajkova', '3695369536953695', '05/21', 698),
(21, 'Viki Angelova', '3695369536953695', '05/20', 15);

-- --------------------------------------------------------

--
-- Table structure for table `rezervacija`
--

CREATE TABLE `rezervacija` (
  `ID_rezervacija` int(10) NOT NULL,
  `data` date NOT NULL,
  `ID_plakjanje` int(10) NOT NULL
) ENGINE=InnoDB DEFAULT CHARSET=utf8;

--
-- Dumping data for table `rezervacija`
--

INSERT INTO `rezervacija` (`ID_rezervacija`, `data`, `ID_plakjanje`) VALUES
(1, '2019-02-07', 1),
(2, '2019-02-07', 2),
(3, '2019-02-08', 3),
(4, '2019-02-09', 4),
(5, '2019-02-08', 5),
(6, '2019-02-07', 6),
(7, '2019-02-12', 7),
(8, '2019-02-14', 8),
(9, '2019-02-10', 9),
(10, '2019-02-07', 10),
(11, '2019-02-08', 11),
(12, '2019-02-07', 12),
(13, '2019-02-07', 13),
(14, '2019-02-08', 14),
(15, '2019-02-09', 15),
(16, '2019-02-09', 16),
(17, '2019-02-10', 17),
(18, '2019-02-10', 18),
(19, '2019-02-11', 19),
(20, '2019-02-09', 20),
(21, '2019-02-07', 21);

-- --------------------------------------------------------

--
-- Table structure for table `ruta`
--

CREATE TABLE `ruta` (
  `ID_ruta` int(10) NOT NULL,
  `ID_avtobus` int(15) NOT NULL,
  `vremetraenje` varchar(30) NOT NULL,
  `cena` int(10) NOT NULL,
  `poagjanje` varchar(20) NOT NULL,
  `destinacija` varchar(20) NOT NULL,
  `vreme_poag` varchar(10) NOT NULL,
  `vreme_dest` varchar(10) NOT NULL
) ENGINE=InnoDB DEFAULT CHARSET=utf8;

--
-- Dumping data for table `ruta`
--

INSERT INTO `ruta` (`ID_ruta`, `ID_avtobus`, `vremetraenje`, `cena`, `poagjanje`, `destinacija`, `vreme_poag`, `vreme_dest`) VALUES
(1, 1, '05:30', 530, 'Охрид', 'Штип', '06:00', '12:30'),
(3, 1, '06:00', 530, 'Штип', 'Охрид', '15:00', '21:00'),
(4, 1, '00:50', 180, 'Охрид', 'Ресен', '06:00', '06:50'),
(5, 1, '01:30', 320, 'Охрид', 'Битола', '06:00', '07:30'),
(6, 1, '00:40', 250, 'Ресен', 'Битола', '06:50', '07:30'),
(7, 1, '02:20', 390, 'Охрид', 'Прилеп', '06:00', '08:20'),
(8, 1, '01:30', 310, 'Ресен', 'Прилеп', '06:50', '08:20'),
(9, 1, '00:50', 200, 'Битола', 'Прилеп', '07:30', '08:20'),
(10, 1, '05:20', 450, 'Охрид', 'Велес', '06:00', '11:20'),
(11, 1, '04:30', 410, 'Ресен', 'Велес', '06:50', '11:20'),
(12, 1, '03:50', 380, 'Битола', 'Велес', '07:30', '11:20'),
(13, 1, '03:40', 300, 'Прилеп', 'Велес', '08:20', '11:20'),
(14, 1, '05:40', 500, 'Ресен', 'Штип', '06:50', '12:30'),
(15, 1, '05:00', 450, 'Битола', 'Штип', '07:30', '12:30'),
(16, 1, '04:50', 280, 'Прилеп', 'Штип', '08:20', '12:30'),
(17, 1, '01:10', 180, 'Велес', 'Штип', '11:20', '12:30'),
(18, 1, '01:10', 180, 'Штип', 'Велес', '15:00', '16:10'),
(19, 1, '03:30', 370, 'Штип', 'Прилеп', '15:00', '18:30'),
(20, 1, '04:30', 450, 'Штип', 'Битола', '15:00', '19:30'),
(21, 1, '05:40', 500, 'Штип', 'Ресен', '15:00', '20:00'),
(22, 1, '02:20', 300, 'Велес', 'Прилеп', '16:10', '18:30'),
(23, 1, '04:50', 380, 'Велес', 'Битола', '16:10', '19:00'),
(24, 1, '04:30', 410, 'Велес', 'Ресен', '16:10', '20:30'),
(25, 1, '04:50', 450, 'Велес', 'Охрид', '16:10', '21:00'),
(26, 1, '00:50', 200, 'Прилеп', 'Битола', '18:30', '19:20'),
(27, 1, '02:00', 310, 'Прилеп', 'Ресен', '18:30', '20:30'),
(28, 1, '02:30', 390, 'Прилеп', 'Охрид', '18:30', '21:00'),
(29, 1, '01:30', 250, 'Битола', 'Ресен', '19:00', '20:30'),
(30, 1, '02:00', 320, 'Битола', 'Охрид', '19:00', '21:00'),
(31, 1, '00:30', 180, 'Ресен', 'Охрид', '20:30', '21:00'),
(32, 2, '04:00', 400, 'Охрид', 'Скопје', '09:00', '13:00'),
(33, 2, '04:00', 400, 'Скопје', 'Охрид', '14:00', '18:00'),
(34, 2, '01:30', 180, 'Охрид', 'Кичево', '09:00', '10:30'),
(35, 2, '02:10', 300, 'Охрид', 'Гостивар', '09:00', '11:10'),
(38, 2, '03:00', 350, 'Охрид', 'Тетово', '09:00', '12:00'),
(39, 2, '01:40', 150, 'Кичево', 'Гостивар', '10:30', '11:10'),
(42, 2, '01:30', 200, 'Кичево', 'Тетово', '10:30', '12:00'),
(43, 2, '02:30', 350, 'Кичево', 'Скопје', '10:30', '13:00'),
(44, 2, '00:50', 200, 'Гостивар', 'Тетово', '11:10', '12:00'),
(45, 2, '01:50', 200, 'Гостивар', 'Скопје', '11:10', '13:00'),
(46, 2, '01:00', 150, 'Тетово', 'Скопје', '12:00', '13:00'),
(47, 2, '01:00', 150, 'Скопје', 'Тетово', '14:00', '15:00'),
(48, 2, '01:50', 200, 'Скопје', 'Гостивар', '14:00', '15:50'),
(49, 2, '02:30', 350, 'Скопје', 'Кичево', '14:00', '16:30'),
(50, 2, '00:50', 200, 'Тетово', 'Гостивар', '15:00', '15:50'),
(51, 2, '01:30', 200, 'Тетово', 'Кичево', '15:00', '16:30'),
(52, 2, '03:00', 350, 'Тетово', 'Охрид', '15:00', '18:00'),
(53, 2, '01:40', 150, 'Гостивар', 'Кичево', '15:50', '17:30'),
(54, 2, '02:10', 300, 'Гостивар', 'Охрид', '15:50', '18:00'),
(55, 2, '01:30', 180, 'Кичево', 'Охрид', '16:30', '18:00'),
(56, 3, '06:00', 600, 'Кочани', 'Охрид', '07:00', '13:00'),
(57, 3, '05:00', 530, 'Штип', 'Охрид', '08:00', '13:00'),
(58, 3, '03:50', 450, 'Велес', 'Охрид', '09:10', '13:00'),
(59, 3, '02:30', 350, 'Прилеп', 'Охрид', '10:30', '13:00'),
(60, 3, '01:30', 270, 'Битола', 'Охрид', '11:30', '13:00'),
(61, 3, '00:45', 180, 'Ресен', 'Охрид', '12:15', '13:00'),
(62, 3, '01:00', 120, 'Кочани', 'Штип', '07:00', '08:00'),
(63, 3, '02:10', 280, 'Кочани', 'Велес', '07:00', '09:10'),
(64, 3, '03:30', 350, 'Кочани', 'Прилеп', '07:00', '10:30'),
(65, 3, '04:30', 400, 'Кочани', 'Битола', '07:00', '11:30'),
(66, 3, '05:15', 500, 'Кочани', 'Ресен', '07:00', '12:15'),
(67, 3, '01:10', 210, 'Штип', 'Велес', '08:00', '09:10'),
(68, 3, '02:30', 350, 'Штип', 'Прилеп', '08:00', '10:30'),
(69, 3, '03:30', 400, 'Штип', 'Битола', '08:00', '11:30'),
(70, 3, '04:15', 450, 'Штип', 'Ресен', '08:00', '12:15'),
(71, 3, '01:20', 300, 'Велес', 'Прилеп', '09:10', '10:30'),
(72, 3, '02:20', 380, 'Велес', 'Битола', '09:10', '11:30'),
(73, 3, '03:05', 410, 'Велес', 'Ресен', '09:10', '12:15'),
(74, 3, '01:00', 200, 'Прилеп', 'Битола', '10:30', '11:30'),
(75, 3, '01:45', 310, 'Прилеп', 'Ресен', '10:30', '12:15'),
(76, 3, '00:45', 250, 'Битола', 'Ресен', '11:30', '12:15'),
(77, 3, '06:00', 600, 'Охрид', 'Кочани', '15:00', '21:00'),
(78, 3, '05:00', 530, 'Охрид', 'Штип', '15:00', '20:00'),
(79, 3, '03:50', 450, 'Охрид', 'Велес', '15:00', '18:50'),
(80, 3, '02:30', 350, 'Охрид', 'Прилеп', '15:00', '17:30'),
(81, 3, '01:30', 270, 'Охрид', 'Битола', '15:00', '16:30'),
(82, 3, '00:45', 180, 'Охрид', 'Ресен', '15:00', '15:45'),
(83, 3, '00:45', 250, 'Ресен', 'Битола', '15:45', '16:30'),
(84, 3, '01:45', 310, 'Ресен', 'Прилеп', '15:45', '17:30'),
(85, 3, '03:05', 410, 'Ресен', 'Велес', '15:45', '18:50'),
(86, 3, '04:15', 450, 'Ресен', 'Штип', '15:45', '20:00'),
(87, 3, '05:15', 500, 'Ресен', 'Кочани', '15:45', '21:00'),
(88, 3, '01:00', 200, 'Битола', 'Прилеп', '16:30', '17:30'),
(89, 3, '02:20', 380, 'Битола', 'Велес', '16:30', '18:50'),
(90, 3, '03:30', 400, 'Битола', 'Штип', '16:30', '20:00'),
(91, 3, '04:30', 400, 'Битола', 'Кочани', '16:30', '21:00'),
(92, 3, '01:20', 300, 'Прилеп', 'Велес', '17:30', '18:50'),
(93, 3, '02:30', 350, 'Прилеп', 'Штип', '17:30', '20:00'),
(96, 3, '03:30', 350, 'Прилеп', 'Кочани', '17:30', '21:00'),
(97, 3, '01:10', 210, 'Велес', 'Штип', '18:50', '20:00'),
(98, 3, '02:10', 280, 'Велес', 'Кочани', '18:50', '21:00'),
(99, 3, '01:00', 120, 'Штип', 'Кочани', '20:00', '21:00'),
(100, 4, '03:00', 350, 'Кочани', 'Скопје', '10:00', '13:00'),
(101, 4, '01:00', 120, 'Кочани', 'Штип', '10:00', '11:00'),
(102, 4, '01:30', 200, 'Кочани', 'Свети Николе', '10:00', '11:30'),
(103, 4, '02:20', 250, 'Кочани', 'Куманово', '10:30', '12:20'),
(104, 4, '00:30', 120, 'Штип', 'Свети Николе', '11:00', '11:30'),
(105, 4, '01:20', 200, 'Штип', 'Куманово', '11:00', '12:20'),
(106, 4, '02:00', 280, 'Штип', 'Скопје', '11:00', '13:00'),
(107, 4, '00:50', 150, 'Свети Николе ', 'Куманово', '11:30', '12:20'),
(108, 4, '01:30', 250, 'Свети Николе', 'Скопје', '11:30', '13:00'),
(109, 4, '00:40', 120, 'Куманово', 'Скопје', '12:20', '13:00'),
(110, 4, '03:00', 350, 'Скопје', 'Кочани', '14:00', '17:00'),
(111, 4, '00:40', 120, 'Скопје', 'Куманово', '14:00', '14:40'),
(112, 4, '01:30', 250, 'Скопје', 'Свети Николе', '14:00', '15:30'),
(113, 4, '02:00', 280, 'Скопје', 'Штип', '14:00', '16:00'),
(114, 4, '00:50', 150, 'Куманово', 'Свети Николе', '14:40', '15:30'),
(115, 4, '01:20', 200, 'Куманово', 'Штип', '14:40', '16:00'),
(116, 4, '02:20', 250, 'Куманово', 'Кочани', '14:40', '17:00'),
(117, 4, '00:30', 120, 'Свети Николе', 'Штип', '15:30', '16:00'),
(118, 4, '01:30', 200, 'Свети Николе', 'Кочани', '15:30', '17:00'),
(119, 4, '01:00', 120, 'Штип', 'Кочани', '16:00', '17:00'),
(120, 5, '00:30', 100, 'Кочани', 'Виница', '08:00', '08:30'),
(121, 5, '00:30', 100, 'Виница', 'Кочани', '17:00', '17:30'),
(122, 6, '00:30', 120, 'Штип', 'Свети Николе', '14:00', '14:30'),
(123, 6, '00:30', 120, 'Свети Николе', 'Штип', '19:00', '19:30'),
(124, 7, '05:00', 500, 'Берово', 'Скопје', '06:00', '11:00'),
(125, 7, '00:30', 100, 'Берово', 'Делчево', '06:00', '06:30'),
(126, 7, '00:50', 150, 'Берово', 'Македонска Каменица', '06:00', '06:50'),
(127, 7, '01:30', 200, 'Берово', 'Виница', '06:00', '07:30'),
(128, 7, '02:00', 250, 'Берово', 'Кочани', '06:00', '08:00'),
(129, 7, '03:00', 300, 'Берово', 'Штип', '06:00', '09:00'),
(130, 7, '04:00', 400, 'Берово', 'Велес', '06:00', '10:00'),
(131, 7, '00:20', 100, 'Делчево', 'Македонска Каменица', '06:30', '06:50'),
(132, 7, '01:00', 150, 'Делчево', 'Виница', '06:30', '07:30'),
(133, 7, '01:30', 200, 'Делчево', 'Кочани', '06:30', '08:00'),
(134, 7, '02:30', 270, 'Делчево', 'Штип', '06:30', '09:00'),
(135, 7, '03:30', 320, 'Делчево', 'Велес', '06:30', '10:00'),
(136, 7, '04:30', 400, 'Делчево', 'Скопје', '06:30', '11:00'),
(137, 7, '00:40', 120, 'Македонска Каменица', 'Виница', '06:50', '07:30'),
(138, 7, '01:10', 200, 'Македонска Каменица', 'Кочани', '06:50', '08:00'),
(139, 7, '02:10', 250, 'Македонска Каменица', 'Штип', '06:50', '09:00'),
(140, 7, '03:10', 300, 'Македонска Каменица', 'Велес', '06:50', '10:00'),
(141, 7, '04:10', 400, 'Македонска Каменица', 'Скопје', '06:50', '11:00'),
(142, 7, '00:30', 100, 'Виница', 'Кочани', '07:30', '08:00'),
(143, 7, '01:30', 200, 'Виница', 'Штип', '07:30', '09:00'),
(144, 7, '02:30', 270, 'Виница', 'Велес', '07:30', '10:00'),
(145, 7, '03:30', 350, 'Виница', 'Скопје', '07:30', '11:00'),
(146, 7, '01:00', 120, 'Кочани', 'Штип', '08:00', '09:00'),
(149, 7, '02:00', 250, 'Кочани', 'Велес', '08:00', '10:00'),
(150, 7, '03:00', 350, 'Кочани', 'Скопје', '08:00', '11:00'),
(151, 7, '01:00', 210, 'Штип', 'Велес', '09:00', '10:00'),
(152, 7, '02:00', 270, 'Штип ', 'Скопје', '09:00', '11:00'),
(153, 7, '01:00', 210, 'Велес', 'Скопје', '10:00', '11:00'),
(154, 7, '05:00', 500, 'Скопје', 'Берово', '16:00', '21:00'),
(155, 7, '01:00', 210, 'Скопје', 'Велес', '16:00', '17:00'),
(156, 7, '02:00', 270, 'Скопје', 'Штип', '16:00', '18:00'),
(157, 7, '03:00', 350, 'Скопје', 'Кочани', '16:00', '19:00'),
(158, 7, '03:30', 350, 'Скопје', 'Виница', '16:00', '19:30'),
(159, 7, '04:10', 400, 'Скопје', 'Македонска Каменица', '16:00', '20:10'),
(160, 7, '04:30', 400, 'Скопје', 'Делчево', '16:00', '20:30'),
(161, 7, '01:00', 210, 'Велес', 'Штип', '17:00', '18:00'),
(162, 7, '02:00', 250, 'Велес ', 'Кочани', '17:00', '19:00'),
(163, 7, '02:30', 270, 'Велес', 'Виница', '17:00', '19:30'),
(164, 7, '03:10', 300, 'Велес', 'Македонска Каменица', '17:00', '08:10'),
(165, 7, '03:30', 320, 'Велес', 'Делчево', '17:00', '20:30'),
(166, 7, '04:00', 400, 'Велес', 'Берово', '17:00', '21:00'),
(167, 7, '01:00', 120, 'Штип', 'Кочани', '18:00', '19:00'),
(168, 7, '01:30', 200, 'Штип', 'Виница', '18:00', '19:30'),
(169, 7, '02:10', 250, 'Штип', 'Македонска Каменица', '18:00', '20:10'),
(170, 7, '02:30', 270, 'Штип', 'Делчево', '18:00', '20:30'),
(171, 7, '03:00', 300, 'Штип', 'Берово', '18:00', '21:00'),
(172, 7, '00:30', 100, 'Кочани', 'Виница', '19:00', '19:30'),
(173, 7, '01:10', 200, 'Кочани', 'Македонска Каменица', '19:00', '20:10'),
(174, 7, '01:30', 200, 'Кочани', 'Делчево', '19:00', '20:30'),
(175, 7, '02:00', 250, 'Кочани', 'Берово', '19:00', '21:00'),
(176, 7, '00:40', 120, 'Виница', 'Македонска Каменица', '19:30', '20:10'),
(177, 7, '01:00', 150, 'Виница', 'Делчево', '19:30', '20:30'),
(178, 7, '01:30', 200, 'Виница', 'Берово', '19:30', '21:00'),
(179, 7, '00:20', 100, 'Македонска Каменица', 'Делчево', '20:10', '20:30'),
(182, 7, '00:50', 150, 'Македонска Каменица', 'Берово', '20:10', '21:00'),
(183, 7, '00:30', 100, 'Делчево ', 'Берово', '20:30', '21:00'),
(184, 7, '00:15', 100, 'Берово', 'Пехчево', '06:00', '06:15'),
(185, 7, '00:15', 100, 'Пехчево', 'Делчево', '06:15', '06:30'),
(186, 7, '00:35', 100, 'Пехчево', 'Македонска Каменица', '06:15', '06:50'),
(187, 7, '01:15', 150, 'Пехчево', 'Виница', '06:15', '07:30'),
(188, 7, '01:45', 180, 'Пехчево', 'Кочани', '06:15', '08:00'),
(189, 7, '02:45', 250, 'Пехчево', 'Штип', '06:15', '09:00'),
(190, 7, '03:45', 350, 'Пехчево', 'Велес', '06:15', '10:00'),
(191, 7, '04:45', 500, 'Пехчево', 'Скопје', '06:15', '11:00'),
(192, 7, '04:45', 500, 'Скопје', 'Пехчево', '16:00', '20:45'),
(193, 7, '03:45', 350, 'Велес', 'Пехчево', '17:00', '20:45'),
(194, 7, '02:45', 250, 'Штип', 'Пехчево', '18:00', '20:45'),
(195, 7, '01:45', 180, 'Кочани', 'Пехчево', '19:00', '20:45'),
(196, 7, '01:15', 150, 'Виница', 'Пехчево', '19:30', '20:45'),
(197, 7, '00:35', 100, 'Македонска Каменица', 'Пехчево', '20:10', '20:45'),
(198, 7, '00:15', 100, 'Делчево', 'Пехчево', '20:30', '20:45'),
(203, 9, '00:40', 120, 'Скопје', 'Куманово', '09:00', '09:40'),
(204, 9, '02:00', 280, 'Скопје', 'Кратово', '09:00', '11:00'),
(205, 9, '03:00', 350, 'Скопје', 'Пробиштип', '09:00', '12:00'),
(206, 9, '01:20', 200, 'Куманово', 'Кратово', '09:40', '11:00'),
(207, 9, '02:20', 300, 'Куманово', 'Пробиштип', '09:40', '12:00'),
(208, 9, '01:00', 150, 'Кратово', 'Пробиштип', '11:00', '12:00'),
(209, 9, '01:00', 150, 'Пробиштип', 'Кратово', '18:00', '19:00'),
(210, 9, '02:20', 300, 'Пробиштип', 'Куманово', '18:00', '20:20'),
(211, 9, '03:00', 350, 'Пробиштип', 'Скопје', '18:00', '21:00'),
(212, 9, '01:20', 200, 'Кратово', 'Куманово', '19:00', '20:20'),
(213, 9, '02:00', 280, 'Кратово', 'Скопје', '19:00', '21:00'),
(214, 9, '00:40', 120, 'Куманово', 'Скопје', '20:20', '21:00'),
(215, 10, '01:00', 150, 'Кратово', 'Пробиштип', '12:00', '13:00'),
(216, 10, '02:00', 300, 'Кратово', 'Штип', '12:00', '14:00'),
(217, 10, '01:00', 150, 'Пробиштип', 'Штип', '13:00', '14:00'),
(218, 10, '02:00', 300, 'Штип', 'Кратово', '18:00', '20:00'),
(219, 10, '01:00', 150, 'Штип', 'Пробиштип', '18:00', '19:00'),
(220, 10, '01:00', 150, 'Пробиштип', 'Кратово', '19:00', '20:00'),
(221, 12, '02:30', 500, 'Струмица', 'Скопје', '17:00', '19:30'),
(222, 12, '02:30', 500, 'Скопје', 'Струмица', '13:00', '15:30'),
(223, 11, '00:30', 120, 'Струмица', 'Радовиш', '07:00', '07:30'),
(224, 11, '01:15', 270, 'Струмица', 'Штип', '07:00', '08:15'),
(225, 11, '02:15', 350, 'Струмица', 'Велес', '07:00', '09:15'),
(226, 11, '03:15', 500, 'Струмица', 'Скопје', '07:00', '10:15'),
(227, 11, '00:45', 120, 'Радовиш', 'Штип', '07:30', '08:15'),
(228, 11, '01:45', 270, 'Радовиш', 'Велес', '07:30', '09:15'),
(229, 11, '03:45', 350, 'Радовиш', 'Скопје', '07:30', '10:15'),
(230, 11, '01:00', 210, 'Штип', 'Велес', '08:15', '09:15'),
(231, 11, '02:00', 270, 'Штип', 'Скопје', '08:15', '10:15'),
(232, 11, '01:00', 210, 'Велес', 'Скопје', '09:15', '10:15'),
(233, 11, '01:00', 210, 'Скопје', 'Велес', '13:00', '14:00'),
(234, 11, '02:00', 270, 'Скопје', 'Штип', '13:00', '15:00'),
(235, 11, '02:45', 350, 'Скопје', 'Радовиш', '13:00', '15:45'),
(236, 11, '03:15', 500, 'Скопје', 'Струмица', '13:00', '16:15'),
(237, 11, '01:00', 210, 'Велес', 'Штип', '14:00', '15:00'),
(238, 11, '01:45', 270, 'Велес', 'Радовиш', '14:00', '15:45'),
(239, 11, '02:15', 350, 'Велес', 'Струмица', '14:00', '16:15'),
(240, 11, '00:45', 120, 'Штип', 'Радовиш', '15:00', '15:45'),
(241, 11, '01:15', 270, 'Штип', 'Струмица', '15:00', '16:15'),
(242, 11, '00:30', 120, 'Радовиш', 'Струмица', '15:45', '16:15'),
(243, 13, '01:00', 200, 'Велес', 'Неготино', '07:00', '08:00'),
(244, 13, '01:00', 200, 'Неготино', 'Велес', '12:00', '13:00'),
(245, 14, '01:00', 210, 'Скопје', 'Велес', '05:00', '06:00'),
(246, 14, '02:00', 300, 'Скопје', 'Валандово', '05:00', '07:00'),
(247, 14, '03:30', 450, 'Скопје', 'Гевгелија', '05:00', '08:30'),
(248, 14, '04:15', 500, 'Скопје', 'Богданци', '05:00', '09:15'),
(249, 14, '04:45', 600, 'Скопје', 'Дојран', '05:00', '09:45'),
(250, 14, '01:00', 210, 'Велес', 'Валандово', '06:00', '07:00'),
(251, 14, '02:30', 300, 'Велес', 'Гевгелија', '06:00', '08:30'),
(252, 14, '03:15', 400, 'Велес', 'Богданци', '06:00', '09:15'),
(253, 14, '03:45', 500, 'Велес', 'Дојран', '06:00', '09:45'),
(254, 14, '01:30', 250, 'Валандово', 'Гевгелија', '07:00', '08:30'),
(255, 14, '02:15', 280, 'Валадово', 'Богданци', '07:00', '09:15'),
(256, 14, '02:45', 350, 'Валандово', 'Дојран', '07:00', '09:45'),
(257, 14, '00:45', 180, 'Гевгелија', 'Богданци', '08:30', '09:15'),
(258, 14, '01:15', 210, 'Гевгелија', 'Дојран', '08:30', '09:45'),
(259, 14, '00:30', 150, 'Богданци', 'Дојран', '09:15', '09:45'),
(260, 14, '00:30', 210, 'Дојран', 'Богданци', '17:00', '17:30'),
(261, 14, '01:15', 210, 'Дојран', 'Гевгелија', '17:00', '18:15'),
(262, 14, '02:45', 350, 'Дојран', 'Валандово', '17:00', '19:45'),
(263, 14, '03:45', 500, 'Дојран', 'Велес', '17:00', '20:45'),
(264, 14, '04:45', 600, 'Дојран', 'Скопје', '17:00', '21:45'),
(265, 14, '00:45', 180, 'Богданци', 'Гевгелија', '17:30', '18:15'),
(266, 14, '02:15', 280, 'Богданци', 'Валандово', '17:30', '19:45'),
(267, 14, '03:15', 400, 'Богданци', 'Велес', '17:30', '20:45'),
(268, 14, '04:15', 500, 'Богданци', 'Скопје', '17:30', '21:45'),
(269, 14, '01:30', 250, 'Гевгелија', 'Валандово', '18:15', '19:45'),
(270, 14, '02:30', 300, 'Гевгелија', 'Велес', '18:15', '20:45'),
(271, 14, '03:30', 450, 'Гевгелија', 'Скопје', '18:15', '21:45'),
(272, 14, '01:00', 210, 'Валандово', 'Велес', '19:45', '20:45'),
(273, 14, '02:00', 300, 'Валандово', 'Скопје', '19:45', '21:45'),
(274, 14, '01:00', 210, 'Велес', 'Скопје', '20:45', '21:45'),
(275, 15, '01:20', 300, 'Прилеп', 'Велес', '11:00', '12:20'),
(276, 15, '02:30', 400, 'Прилеп', 'Скопје', '11:00', '13:30'),
(277, 15, '01:10', 210, 'Велес', 'Скопје', '12:20', '13:30'),
(278, 15, '01:10', 210, 'Скопје', 'Велес', '16:00', '17:10'),
(279, 15, '02:30', 400, 'Скопје', 'Прилеп', '16:00', '18:30'),
(280, 15, '01:20', 300, 'Велес', 'Прилеп', '17:10', '18:30'),
(281, 16, '01:20', 250, 'Крива Паланка', 'Куманово', '08:00', '09:20'),
(282, 16, '02:00', 300, 'Крива Паланка', 'Скопје', '08:00', '10:00'),
(283, 16, '00:40', 120, 'Куманово', 'Скопје', '09:20', '10:00'),
(284, 16, '00:40', 120, 'Скопје', 'Куманово', '15:00', '15:40'),
(285, 16, '02:00', 300, 'Скопје', 'Крива Паланка', '15:00', '17:00'),
(286, 16, '01:20', 250, 'Куманово', 'Крива Паланка', '15:40', '17:00'),
(287, 17, '00:30', 110, 'Кавадарци', 'Неготино', '10:00', '10:30'),
(288, 17, '02:30', 270, 'Кавадарци', 'Скопје', '10:00', '12:30'),
(289, 17, '02:00', 180, 'Неготино', 'Скопје', '10:30', '12:30'),
(290, 17, '02:00', 180, 'Скопје', 'Неготино', '18:00', '20:00'),
(291, 17, '02:30', 270, 'Скопје', 'Кавадарци', '18:00', '20:30'),
(292, 17, '00:30', 110, 'Неготино', 'Кавадарци', '20:00', '20:30'),
(293, 18, '01:30', 250, 'Прилеп', 'Крушево', '07:00', '08:30'),
(294, 18, '02:30', 350, 'Прилеп', 'Битола', '07:00', '09:30'),
(295, 18, '01:00', 180, 'Крушево', 'Битола', '08:30', '09:30'),
(296, 18, '01:00', 180, 'Битола', 'Крушево', '14:00', '15:00'),
(297, 18, '02:30', 350, 'Битола', 'Прилеп', '14:00', '16:30'),
(298, 18, '01:30', 250, 'Крушево', 'Прилеп', '15:00', '16:30'),
(299, 19, '00:40', 120, 'Прилеп', 'Македонски Брод', '13:30', '14:10'),
(300, 19, '01:30', 270, 'Прилеп', 'Кичево', '13:30', '15:00'),
(301, 19, '00:50', 150, 'Македонски Брод', 'Кичево', '14:10', '15:00'),
(302, 19, '00:50', 150, 'Кичево', 'Македонски Брод', '18:00', '18:50'),
(303, 19, '01:30', 270, 'Кичево', 'Прилеп', '18:00', '19:30'),
(304, 19, '00:40', 120, 'Македонски Брод', 'Прилеп', '18:50', '19:30'),
(305, 20, '00:30', 100, 'Охрид', 'Струга', '06:00', '06:30'),
(306, 20, '01:30', 250, 'Охрид', 'Дебар', '06:00', '08:30'),
(307, 20, '02:30', 350, 'Охрид', 'Гостивар', '06:00', '08:30'),
(308, 20, '03:10', 450, 'Охрид', 'Тетово', '06:00', '09:10'),
(309, 20, '04:00', 500, 'Охрид', 'Скопје', '06:00', '10:00'),
(310, 20, '01:00', 150, 'Струга', 'Дебар', '06:30', '07:30'),
(311, 20, '02:00', 300, 'Струга', 'Гостивар', '06:30', '08:30'),
(312, 20, '02:40', 350, 'Струга', 'Тетово', '06:30', '09:10'),
(313, 20, '03:30', 480, 'Струга', 'Скопје', '06:30', '10:00'),
(314, 20, '01:00', 150, 'Дебар', 'Гостивар', '07:30', '08:30'),
(315, 20, '01:40', 250, 'Дебар', 'Тетово', '07:30', '09:10'),
(316, 20, '02:30', 350, 'Дебар', 'Скопје', '07:30', '10:00'),
(317, 20, '00:40', 100, 'Гостивар ', 'Тетово', '08:30', '09:10'),
(318, 20, '01:30', 250, 'Гостивар', 'Скопје', '08:30', '10:00'),
(319, 20, '00:50', 100, 'Тетово', 'Скопје', '09:10', '10:00'),
(320, 20, '00:50', 100, 'Скопје', 'Тетово', '14:00', '14:50'),
(321, 20, '01:30', 250, 'Скопје', 'Гостивар', '14:00', '15:30'),
(322, 20, '02:30', 350, 'Скопје', 'Дебар', '14:00', '16:30'),
(323, 20, '03:30', 480, 'Скопје', 'Струга', '14:00', '17:30'),
(324, 20, '04:00', 500, 'Скопје', 'Охрид', '14:00', '18:00'),
(325, 20, '00:40', 100, 'Тетово', 'Гостивар', '14:50', '15:30'),
(326, 20, '01:40', 250, 'Тетово', 'Дебар', '14:50', '16:30'),
(327, 20, '02:40', 350, 'Тетово', 'Струга', '14:50', '17:30'),
(328, 20, '03:10', 450, 'Тетово', 'Охрид', '14:50', '18:00'),
(329, 20, '01:00', 150, 'Гостивар', 'Дебар', '15:30', '16:30'),
(330, 20, '02:00', 300, 'Гостивар', 'Струга', '15:30', '17:30'),
(331, 20, '02:30', 350, 'Гостивар', 'Охрид', '15:30', '18:00'),
(332, 20, '01:00', 150, 'Дебар', 'Струга', '16:30', '17:30'),
(333, 20, '01:30', 250, 'Дебар', 'Охрид', '16:30', '18:00'),
(334, 20, '00:30', 100, 'Струга', 'Охрид', '17:30', '18:00'),
(335, 21, '01:30', 270, 'Битола', 'Кичево', '12:00', '13:30'),
(336, 21, '03:00', 450, 'Битола', 'Тетово', '12:00', '15:00'),
(337, 21, '04:00', 550, 'Битола', 'Скопје', '12:00', '16:00'),
(338, 21, '01:30', 270, 'Кичево', 'Тетово', '13:30', '15:00'),
(339, 21, '02:30', 370, 'Кичево', 'Скопје', '13:30', '16:00'),
(340, 21, '01:00', 120, 'Тетово', 'Скопје', '15:00', '16:00'),
(341, 21, '01:00', 120, 'Скопје', 'Тетово', '19:00', '20:00'),
(342, 21, '02:30', 370, 'Скопје', 'Кичево', '19:00', '21:30'),
(343, 21, '04:00', 550, 'Скопје', 'Битола', '19:00', '23:00'),
(344, 21, '01:30', 270, 'Тетово', 'Кичево', '20:00', '21:30'),
(345, 21, '03:00', 450, 'Тетово', 'Битола', '20:00', '23:00'),
(346, 21, '01:30', 270, 'Кичево', 'Битола', '21:30', '23:00');

-- --------------------------------------------------------

--
-- Stand-in structure for view `ruta_se`
-- (See below for the actual view)
--
CREATE TABLE `ruta_se` (
`поаѓање` varchar(20)
,`дестинација` varchar(20)
,`тргнува` varchar(10)
,`пристигнува` varchar(10)
,`цена` int(10)
,`компанија` varchar(40)
);

-- --------------------------------------------------------

--
-- Structure for view `korisnik_rez`
--
DROP TABLE IF EXISTS `korisnik_rez`;

CREATE ALGORITHM=UNDEFINED DEFINER=`root`@`localhost` SQL SECURITY DEFINER VIEW `korisnik_rez`  AS  select `p`.`username` AS `Корисник`,`p`.`ime` AS `Име`,`p`.`prezime` AS `Презиме`,`r`.`poagjanje` AS `Поаѓање`,`r`.`destinacija` AS `Дестинација`,`r`.`vreme_poag` AS `Тргнува`,`re`.`data` AS `Датум`,`r`.`cena` AS `Цена`,`k`.`ime` AS `Компанија` from (((((`patnik` `p` join `patnik_ruta` `pr` on((`p`.`ID_patnik` = `pr`.`ID_patnik`))) join `ruta` `r` on((`pr`.`ID_ruta` = `r`.`ID_ruta`))) join `rezervacija` `re` on((`re`.`ID_rezervacija` = `pr`.`ID_rezervacija`))) join `avtobus` `a` on((`r`.`ID_avtobus` = `a`.`ID_avtobus`))) join `kompanija` `k` on((`k`.`ID_kompanija` = `a`.`ID_kompanija`))) ;

-- --------------------------------------------------------

--
-- Structure for view `patnik_rez`
--
DROP TABLE IF EXISTS `patnik_rez`;

CREATE ALGORITHM=UNDEFINED DEFINER=`root`@`localhost` SQL SECURITY DEFINER VIEW `patnik_rez`  AS  select `r`.`ID_ruta` AS `Рута`,`p`.`ime` AS `Име`,`p`.`prezime` AS `Презиме`,`r`.`poagjanje` AS `Поаѓање`,`r`.`destinacija` AS `Дестинација`,`r`.`vreme_poag` AS `Тргнува`,`re`.`data` AS `Датум`,`r`.`cena` AS `Цена`,`k`.`ime` AS `Компанија` from (((((`patnik` `p` join `patnik_ruta` `pr` on((`p`.`ID_patnik` = `pr`.`ID_patnik`))) join `ruta` `r` on((`pr`.`ID_ruta` = `r`.`ID_ruta`))) join `rezervacija` `re` on((`re`.`ID_rezervacija` = `pr`.`ID_rezervacija`))) join `avtobus` `a` on((`r`.`ID_avtobus` = `a`.`ID_avtobus`))) join `kompanija` `k` on((`k`.`ID_kompanija` = `a`.`ID_kompanija`))) ;

-- --------------------------------------------------------

--
-- Structure for view `ruta_se`
--
DROP TABLE IF EXISTS `ruta_se`;

CREATE ALGORITHM=UNDEFINED DEFINER=`root`@`localhost` SQL SECURITY DEFINER VIEW `ruta_se`  AS  select `r`.`poagjanje` AS `поаѓање`,`r`.`destinacija` AS `дестинација`,`r`.`vreme_poag` AS `тргнува`,`r`.`vreme_dest` AS `пристигнува`,`r`.`cena` AS `цена`,`k`.`ime` AS `компанија` from ((`ruta` `r` join `avtobus` `a` on((`r`.`ID_avtobus` = `a`.`ID_avtobus`))) join `kompanija` `k` on((`k`.`ID_kompanija` = `a`.`ID_kompanija`))) ;

--
-- Indexes for dumped tables
--

--
-- Indexes for table `admin`
--
ALTER TABLE `admin`
  ADD PRIMARY KEY (`ID_admin`);

--
-- Indexes for table `avtobus`
--
ALTER TABLE `avtobus`
  ADD PRIMARY KEY (`ID_avtobus`),
  ADD KEY `ID_kompanija` (`ID_kompanija`);

--
-- Indexes for table `kompanija`
--
ALTER TABLE `kompanija`
  ADD PRIMARY KEY (`ID_kompanija`);

--
-- Indexes for table `patnik`
--
ALTER TABLE `patnik`
  ADD PRIMARY KEY (`ID_patnik`);

--
-- Indexes for table `patnik_ruta`
--
ALTER TABLE `patnik_ruta`
  ADD PRIMARY KEY (`ID_patnik_ruta`),
  ADD KEY `ID_ruta` (`ID_ruta`),
  ADD KEY `ID_patnik` (`ID_patnik`),
  ADD KEY `ID_rezervacija` (`ID_rezervacija`);

--
-- Indexes for table `plakjanje`
--
ALTER TABLE `plakjanje`
  ADD PRIMARY KEY (`ID_plakjanje`);

--
-- Indexes for table `rezervacija`
--
ALTER TABLE `rezervacija`
  ADD PRIMARY KEY (`ID_rezervacija`),
  ADD UNIQUE KEY `ID_plakjanje` (`ID_plakjanje`);

--
-- Indexes for table `ruta`
--
ALTER TABLE `ruta`
  ADD PRIMARY KEY (`ID_ruta`),
  ADD KEY `ID_avtobus` (`ID_avtobus`);

--
-- AUTO_INCREMENT for dumped tables
--

--
-- AUTO_INCREMENT for table `admin`
--
ALTER TABLE `admin`
  MODIFY `ID_admin` int(10) NOT NULL AUTO_INCREMENT, AUTO_INCREMENT=2;

--
-- AUTO_INCREMENT for table `avtobus`
--
ALTER TABLE `avtobus`
  MODIFY `ID_avtobus` int(10) NOT NULL AUTO_INCREMENT, AUTO_INCREMENT=22;

--
-- AUTO_INCREMENT for table `kompanija`
--
ALTER TABLE `kompanija`
  MODIFY `ID_kompanija` int(10) NOT NULL AUTO_INCREMENT, AUTO_INCREMENT=19;

--
-- AUTO_INCREMENT for table `patnik`
--
ALTER TABLE `patnik`
  MODIFY `ID_patnik` int(10) NOT NULL AUTO_INCREMENT, AUTO_INCREMENT=36;

--
-- AUTO_INCREMENT for table `patnik_ruta`
--
ALTER TABLE `patnik_ruta`
  MODIFY `ID_patnik_ruta` int(10) NOT NULL AUTO_INCREMENT, AUTO_INCREMENT=22;

--
-- AUTO_INCREMENT for table `plakjanje`
--
ALTER TABLE `plakjanje`
  MODIFY `ID_plakjanje` int(10) NOT NULL AUTO_INCREMENT, AUTO_INCREMENT=22;

--
-- AUTO_INCREMENT for table `rezervacija`
--
ALTER TABLE `rezervacija`
  MODIFY `ID_rezervacija` int(10) NOT NULL AUTO_INCREMENT, AUTO_INCREMENT=22;

--
-- AUTO_INCREMENT for table `ruta`
--
ALTER TABLE `ruta`
  MODIFY `ID_ruta` int(10) NOT NULL AUTO_INCREMENT, AUTO_INCREMENT=347;

--
-- Constraints for dumped tables
--

--
-- Constraints for table `avtobus`
--
ALTER TABLE `avtobus`
  ADD CONSTRAINT `avtobus_ibfk_1` FOREIGN KEY (`ID_kompanija`) REFERENCES `kompanija` (`ID_kompanija`);

--
-- Constraints for table `patnik_ruta`
--
ALTER TABLE `patnik_ruta`
  ADD CONSTRAINT `patnik_ruta_ibfk_1` FOREIGN KEY (`ID_patnik`) REFERENCES `patnik` (`ID_patnik`),
  ADD CONSTRAINT `patnik_ruta_ibfk_2` FOREIGN KEY (`ID_ruta`) REFERENCES `ruta` (`ID_ruta`),
  ADD CONSTRAINT `patnik_ruta_ibfk_3` FOREIGN KEY (`ID_rezervacija`) REFERENCES `rezervacija` (`ID_rezervacija`);

--
-- Constraints for table `rezervacija`
--
ALTER TABLE `rezervacija`
  ADD CONSTRAINT `rezervacija_ibfk_1` FOREIGN KEY (`ID_plakjanje`) REFERENCES `plakjanje` (`ID_plakjanje`);

--
-- Constraints for table `ruta`
--
ALTER TABLE `ruta`
  ADD CONSTRAINT `ruta_ibfk_1` FOREIGN KEY (`ID_avtobus`) REFERENCES `avtobus` (`ID_avtobus`);
COMMIT;

/*!40101 SET CHARACTER_SET_CLIENT=@OLD_CHARACTER_SET_CLIENT */;
/*!40101 SET CHARACTER_SET_RESULTS=@OLD_CHARACTER_SET_RESULTS */;
/*!40101 SET COLLATION_CONNECTION=@OLD_COLLATION_CONNECTION */;
